"Geeni","Mutaatio","Mutaation_koko"
"KRAS","DUP",437931
"ApoA4","DUP",781121
"PTEN","DEL",760063
"ApoA4","DUP",610857
"PTEN","DUP",265107
"MAP3K5","DEL",322243
"MAP3K5","SNP",1
"ApoA4","DUP",395074
"MAP3K5","DUP",985347
"MAP3K5","DEL",633981
"MAP3K5","DUP",193985
"BRCA1","DEL",368197
"KRAS","SNP",1
"KRAS","SNP",1
"KRAS","DEL",562562
"PTEN","SNP",1
"KRAS","DEL",132145
"BRCA1","DUP",239583
"MAP3K5","SNP",1
"BRCA1","SNP",1
"MAP3K5","SNP",1
"MAP3K5","DUP",495711
"BRCA1","DEL",174303
"ApoA4","DEL",463300
"KRAS","DUP",970815
"KRAS","DEL",507900
"ApoA4","DUP",897349
"MAP3K5","SNP",1
"BRCA1","SNP",1
"PTEN","DUP",981807
"KRAS","DEL",518849
"KRAS","SNP",1
"PTEN","DUP",823515
"BRCA1","DEL",906099
"ApoA4","SNP",1
"KRAS","DUP",739523
"ApoA4","DEL",625801
"PTEN","DUP",410796
"KRAS","DEL",389506
"ApoA4","DUP",821375
"ApoA4","DUP",527215
"MAP3K5","DEL",746341
"PTEN","SNP",1
"MAP3K5","DEL",998006
"KRAS","DEL",363001
"BRCA1","DEL",881865
"ApoA4","DEL",289195
"ApoA4","DUP",877807
"KRAS","SNP",1
"PTEN","DEL",842226
"MAP3K5","DUP",746997
"ApoA4","SNP",1
"ApoA4","DEL",633295
"KRAS","SNP",1
"PTEN","SNP",1
"PTEN","SNP",1
"KRAS","DEL",416199
"ApoA4","DEL",858970
"BRCA1","SNP",1
"KRAS","SNP",1
"KRAS","DUP",679553
"KRAS","DUP",795815
"BRCA1","DUP",846614
"KRAS","SNP",1
"MAP3K5","DUP",138811
"KRAS","SNP",1
"MAP3K5","DUP",470754
"KRAS","SNP",1
"ApoA4","SNP",1
"PTEN","SNP",1
"PTEN","SNP",1
"BRCA1","SNP",1
"MAP3K5","SNP",1
"ApoA4","DUP",714411
"BRCA1","DUP",992757
"KRAS","DEL",561296
"BRCA1","DUP",393695
"MAP3K5","DUP",422681
"PTEN","SNP",1
"PTEN","DEL",146147
"BRCA1","SNP",1
"PTEN","DUP",114069
"KRAS","DEL",422503
"PTEN","DEL",766825
"ApoA4","SNP",1
"PTEN","DUP",393179
"ApoA4","DUP",201498
"PTEN","DEL",248023
"ApoA4","DUP",721497
"PTEN","SNP",1
"PTEN","DEL",292009
"KRAS","DEL",956982
"MAP3K5","SNP",1
"KRAS","DUP",909415
"MAP3K5","SNP",1
"BRCA1","DEL",272750
"MAP3K5","DUP",580214
"BRCA1","DEL",538636
"PTEN","DEL",699307
"KRAS","DUP",675274
